{
  "tools": {
    "axe": {
      "name": "Axe",
      "icon": "minecraft:diamond_axe",
      "toollist": [
        "minecraft:diamond_axe",
        "minecraft:golden_axe",
        "minecraft:iron_axe",
        "minecraft:stone_axe",
        "minecraft:wooden_axe",
        "mysticalagriculture:inferium_axe",
        "mysticalagriculture:intermedium_axe",
        "mysticalagriculture:prudentium_axe",
        "mysticalagriculture:superium_axe",
        "mysticalagriculture:supremium_axe"
      ],
      "blocklist": [
        "minecraft:fence",
        "minecraft:leaves",
        "minecraft:leaves2",
        "minecraft:log",
        "minecraft:log2"
      ]
    },
    "hoe": {
      "name": "Hoe",
      "icon": "minecraft:diamond_hoe",
      "toollist": [
        "minecraft:diamond_hoe",
        "minecraft:golden_hoe",
        "minecraft:iron_hoe",
        "minecraft:stone_hoe",
        "minecraft:wooden_hoe",
        "mysticalagriculture:inferium_hoe",
        "mysticalagriculture:inferium_scythe",
        "mysticalagriculture:inferium_sickle",
        "mysticalagriculture:intermedium_hoe",
        "mysticalagriculture:intermedium_scythe",
        "mysticalagriculture:intermedium_sickle",
        "mysticalagriculture:prudentium_hoe",
        "mysticalagriculture:prudentium_scythe",
        "mysticalagriculture:prudentium_sickle",
        "mysticalagriculture:superium_hoe",
        "mysticalagriculture:superium_scythe",
        "mysticalagriculture:superium_sickle",
        "mysticalagriculture:supremium_hoe",
        "mysticalagriculture:supremium_scythe",
        "mysticalagriculture:supremium_sickle"
      ],
      "blocklist": [
        "minecraft:carrots",
        "minecraft:melon_block",
        "minecraft:potatoes",
        "minecraft:pumpkin",
        "minecraft:wheat"
      ]
    },
    "pickaxe": {
      "name": "Pickaxe",
      "icon": "minecraft:diamond_pickaxe",
      "toollist": [
        "minecraft:diamond_pickaxe",
        "minecraft:golden_pickaxe",
        "minecraft:iron_pickaxe",
        "minecraft:stone_pickaxe",
        "minecraft:wooden_pickaxe",
        "mysticalagriculture:inferium_pickaxe",
        "mysticalagriculture:intermedium_pickaxe",
        "mysticalagriculture:prudentium_pickaxe",
        "mysticalagriculture:superium_pickaxe",
        "mysticalagriculture:supremium_pickaxe"
      ],
      "blocklist": [
        "minecraft:coal_ore",
        "minecraft:cobblestone_wall",
        "minecraft:diamond_ore",
        "minecraft:emerald_ore",
        "minecraft:glowstone",
        "minecraft:gold_ore",
        "minecraft:iron_ore",
        "minecraft:lapis_ore",
        "minecraft:lit_redstone_ore",
        "minecraft:mossy_cobblestone",
        "minecraft:nether_brick_fence",
        "minecraft:obsidian",
        "minecraft:quartz_ore",
        "minecraft:redstone_ore",
        "mysticalagriculture:end_inferium_ore/0",
        "mysticalagriculture:end_prosperity_ore/0",
        "mysticalagriculture:inferium_ore/0",
        "mysticalagriculture:nether_inferium_ore/0",
        "mysticalagriculture:nether_prosperity_ore/0",
        "mysticalagriculture:prosperity_ore/0",
        "practicallogistics2:sapphireore/0"
      ]
    },
    "shears": {
      "name": "Shears",
      "icon": "minecraft:shears",
      "toollist": [
        "minecraft:shears",
        "mysticalagriculture:inferium_shears",
        "mysticalagriculture:intermedium_shears",
        "mysticalagriculture:prudentium_shears",
        "mysticalagriculture:superium_shears",
        "mysticalagriculture:supremium_shears"
      ],
      "blocklist": [
        "minecraft:deadbush",
        "minecraft:leaves",
        "minecraft:leaves2",
        "minecraft:tallgrass",
        "minecraft:vine",
        "minecraft:web",
        "minecraft:wool"
      ]
    },
    "shovel": {
      "name": "Shovel",
      "icon": "minecraft:diamond_shovel",
      "toollist": [
        "minecraft:diamond_shovel",
        "minecraft:golden_shovel",
        "minecraft:iron_shovel",
        "minecraft:stone_shovel",
        "minecraft:wooden_shovel",
        "mysticalagriculture:inferium_shovel",
        "mysticalagriculture:intermedium_shovel",
        "mysticalagriculture:prudentium_shovel",
        "mysticalagriculture:superium_shovel",
        "mysticalagriculture:supremium_shovel"
      ],
      "blocklist": [
        "minecraft:clay",
        "minecraft:gravel"
      ]
    }
  }
}